"n","dd","d","all","ratio","date","pv1","pv2","ratio_rm","all_rm","n_rm","d_rm"
1.1481,1.1261,1.0452,1.0897,2.2586,2015-09-05,0.021375292807775,0.978624707192225,1.65663333333333,1.06306666666667,1.08908,1.04056
1.052,1.0625,1.0327,1.043,1.278,2015-09-06,0.010771638510112,0.989228361489888,1.66676666666667,1.06429333333333,1.09088,1.04129333333333
1.0892,1.1062,1.0235,1.0561,2.0911,2015-09-07,0.00400450846944938,0.995995491530551,1.62433133333333,1.06837333333333,1.09353333333333,1.04672666666667
1.0523,1.0696,1.0458,1.0505,1.0785,2015-09-08,0.00315146996949666,0.996848530030503,1.569178,1.07038666666667,1.09378666666667,1.0498
1.1157,1.1231,1.0521,1.0828,1.7166,2015-09-09,0.00180621960456919,0.998193780395431,1.51089133333333,1.07259333333333,1.09452,1.05313333333333
1.0795,1.0918,1.0426,1.0612,1.4664,2015-09-10,0.000860801517086266,0.999139198482914,1.470598,1.07669333333333,1.09726666666667,1.05812
1.1441,1.1318,1.0844,1.1109,1.4937,2015-09-11,0.000844608582434078,0.999155391417566,1.449258,1.08002666666667,1.09964666666667,1.06214
1.1098,1.0386,1.0751,1.0853,1.3107,2015-09-12,0.000412664729318899,0.999587335270681,1.37339133333333,1.08049333333333,1.09652666666667,1.06526
1.0813,1.0844,1.0391,1.06,1.5571,2015-09-13,0.000227385370241715,0.999772614629758,1.281956,1.08066,1.09205333333333,1.06864666666667
1.0998,1.1037,1.1054,1.1029,0.96027,2015-09-14,0.000210935829189468,0.99978906417081,1.27680933333333,1.08584,1.09744,1.07343333333333
1.0814,1.1196,1.0678,1.0777,1.1302,2015-09-15,0.000238827678252546,0.999761172321747,1.222176,1.08923333333333,1.09972,1.07781333333333
1.0891,1.1041,1.0689,1.0801,1.1917,2015-09-16,0.000314068579021606,0.999685931420978,1.23334266666667,1.09508,1.10664,1.08263333333333
1.0976,1.1289,1.0956,1.0991,1.0157,2015-09-17,0.000373636596592263,0.999626363403408,1.224076,1.09809333333333,1.11014,1.08537333333333
1.1132,1.1511,1.1077,1.1136,1.0382,2015-09-18,0.000689092310530423,0.99931090768947,1.19432933333333,1.10156,1.11225333333333,1.08975333333333
1.0948,1.1016,1.093,1.0945,1.0141,2015-09-19,0.001057743065602,0.998942256934398,1.15293066666667,1.10108,1.10904666666667,1.09182
1.081,1.1271,1.096,1.0922,0.88707,2015-09-20,0.000356945878696207,0.999643054121304,1.12978733333333,1.10060666666667,1.10653333333333,1.09189333333333
1.1328,1.1578,1.1045,1.1207,1.2008,2015-09-21,0.000423121158603895,0.999576878841396,1.10374733333333,1.10324,1.10836,1.09515333333333
1.1234,1.1343,1.0892,1.107,1.2716,2015-09-22,0.000267421564663425,0.999732578435337,1.11758266666667,1.10477333333333,1.11091333333333,1.09566
1.1561,1.1717,1.1181,1.1382,1.246,2015-09-23,3.68087980530386e-05,0.999963191201947,1.11326266666667,1.10424666666667,1.11034,1.09554666666667
1.1682,1.1443,1.0932,1.128,1.5776,2015-09-24,1.50030154637353e-05,0.999984996984536,1.14000266666667,1.10573333333333,1.11322,1.09558
1.1112,1.153,1.1083,1.1132,1.0202,2015-09-25,8.93433636148405e-06,0.999991065663638,1.16240933333333,1.10606666666667,1.11509333333333,1.09477333333333
1.096,1.0756,1.1154,1.1037,0.87272,2015-09-26,5.65810870319979e-05,0.999943418912968,1.183296,1.10553333333333,1.11606666666667,1.09326
1.0721,1.1235,1.0762,1.0782,0.96355,2015-09-27,0.000228769520658538,0.999771230479341,1.20564933333333,1.10408,1.11546,1.09066666666667
1.1087,1.1192,1.088,1.0995,1.1665,2015-09-28,0.00046697694611593,0.999533023053884,1.22313133333333,1.10274,1.11522666666667,1.08844666666667
1.1381,1.14,1.113,1.1259,1.1678,2015-09-29,0.000401565176303361,0.999598434823697,1.228178,1.10066666666667,1.11312,1.08623333333333
1.0728,1.075,1.0661,1.0698,1.0654,2015-09-30,0.000798801791534143,0.999201198208466,1.221238,1.09857333333333,1.11038666666667,1.08464
1.1323,1.1467,1.0694,1.1024,1.5928,2015-10-01,0.000986512206213765,0.999013487793786,1.19089466666667,1.09586,1.10539333333333,1.08426
1.1257,1.1155,1.0835,1.1041,1.3518,2015-10-02,0.000589053441148474,0.999410946558852,1.13328666666667,1.09368666666667,1.09896666666667,1.08574
1.1278,1.1136,1.085,1.1056,1.3515,2015-10-03,0.00060583330854753,0.999394166691453,1.11261866666667,1.09158666666667,1.09562,1.08524666666667
1.0857,1.1208,1.0541,1.0727,1.3494,2015-10-04,0.000340824416311859,0.999659175583688,1.14267733333333,1.08965333333333,1.09494,1.08128
1.0775,1.09,1.0627,1.0721,1.1493,2015-10-05,0.000315482704527087,0.999684517295473,1.12111533333333,1.08817333333333,1.09254666666667,1.08134
1.1012,1.1357,1.0713,1.0896,1.2765,2015-10-06,0.000357554363714598,0.999642445636285,1.12469533333333,1.08652,1.09076,1.07950666666667
1.0824,1.0997,1.0653,1.0756,1.1675,2015-10-07,0.000213292214293284,0.999786707785707,1.10400666666667,1.08324666666667,1.08614666666667,1.07773333333333
1.0812,1.1026,1.1124,1.0975,0.79085,2015-10-08,0.000394097865862052,0.999605902134138,1.08315133333333,1.08490666666667,1.08613333333333,1.08056
1.0718,1.115,1.1154,1.0954,0.71348,2015-10-09,0.00115101063485223,0.998848989365148,1.06599133333333,1.08434,1.08456,1.08074666666667
1.061,1.0843,1.1009,1.0817,0.71018,2015-10-10,0.00738906436865436,0.992610935631346,1.04557642857143,1.08292857142857,1.08068,1.08055
1.0858,1.1239,1.0559,1.0747,1.3236,2015-10-11,0.00835037170125802,0.991649628298742,1.02204384615385,1.08118461538462,1.07731428571429,1.08020769230769
1.0362,1.0509,1.0771,1.056,0.64012,2015-10-12,0.0254125794889643,0.974587420511036,0.994764166666667,1.08189166666667,1.07666923076923,1.08312307692308
1.0819,1.1201,1.0605,1.0747,1.2202,2015-10-13,0.0459884098759211,0.954011590124079,0.963744166666667,1.082025,1.07526153846154,1.08496923076923
1.0689,1.0683,1.0864,1.0768,0.85747,2015-10-14,0.0443188934609664,0.955681106539034,0.921521666666667,1.083025,1.07393846153846,1.08872307692308
1.0418,1.0236,1.0122,1.025,1.6071,2016-09-12,0.0332903003145276,0.966709699685472,1.73906153846154,1.02639230769231,1.04491538461538,1.01298571428571
1.0434,1.0193,1.0122,1.0251,1.6398,2016-09-13,0.0135357214170051,0.986464278582995,1.70550714285714,1.02635714285714,1.04396428571429,1.01326666666667
1.0087,1.0011,1.0084,1.0079,1.0066,2016-09-14,0.00854851525260364,0.991451484747396,1.68622,1.02697333333333,1.04419333333333,1.01185333333333
1.0471,1.0343,1.0097,1.0268,1.8085,2016-09-15,0.0031806428374747,0.996819357162525,1.60415666666667,1.02548,1.04029333333333,1.01268666666667
1.0273,1.0467,1.0144,1.0225,1.2532,2016-09-16,0.000559235775126627,0.999440764224873,1.61650333333333,1.02575333333333,1.04082666666667,1.01262
1.0373,1.032,1.0137,1.0251,1.4695,2016-09-17,0.000305058563765728,0.999694941436234,1.58383,1.02648,1.04102,1.01356666666667
1.0295,1.0018,1.0045,1.0147,1.6091,2016-09-18,0.000205323348801403,0.999794676651199,1.55347666666667,1.02702,1.04128666666667,1.01457333333333
1.0573,1.0263,1.0013,1.0265,2.4747,2016-09-19,3.2435480471685e-05,0.999967564519528,1.53497666666667,1.02674666666667,1.04056,1.01472
1.0316,1.0494,1.0172,1.0259,1.2693,2016-09-20,1.08770328190697e-05,0.999989122967181,1.52289666666667,1.02826,1.04187333333333,1.01605333333333
1.0474,1.0518,1.0227,1.0356,1.4162,2016-09-21,1.17173251442664e-05,0.999988282674856,1.49926333333333,1.03086,1.04386666666667,1.0185
1.024,1.0232,1.0323,1.0279,0.88015,2016-09-22,1.33330828541968e-05,0.999986666917146,1.52883666666667,1.03532,1.04954666666667,1.0215
1.0592,1.0639,1.015,1.0372,1.8564,2016-09-23,1.23243387308275e-05,0.999987675661269,1.55605,1.03788,1.05361333333333,1.02276
1.0527,1.0408,1.0184,1.0348,1.6236,2016-09-24,3.0922449451021e-06,0.999996907755055,1.56545,1.04155333333333,1.05808666666667,1.02562666666667
1.0566,1.0269,1.0221,1.0369,1.5892,2016-09-25,1.39790705088717e-06,0.999998602092949,1.55797666666667,1.04388,1.06059333333333,1.02774666666667
1.0445,1.0268,1.0167,1.0293,1.5213,2016-09-26,6.09925676233339e-07,0.999999390074324,1.55047666666667,1.04804,1.06542666666667,1.03118
1.0615,1.0722,1.0322,1.0477,1.4259,2016-09-27,8.56473184405222e-07,0.999999143526816,1.47617666666667,1.05195333333333,1.06838,1.03542666666667
1.0733,1.1025,1.0489,1.0641,1.2853,2016-09-28,1.93392085898986e-06,0.999998066079141,1.46748333333333,1.05623333333333,1.07272,1.03964
1.0939,1.1004,1.0534,1.0748,1.4502,2016-09-29,3.88520279244947e-06,0.999996114797208,1.44039666666667,1.05926666666667,1.07503333333333,1.04352
1.1081,1.0768,1.0286,1.0652,2.2167,2016-09-30,1.4758421051969e-07,0.999999852415789,1.45010666666667,1.06117333333333,1.07702,1.0448
1.0944,1.1092,1.0574,1.0776,1.3942,2016-10-01,5.10458036001116e-08,0.999999948954196,1.43940666666667,1.06462,1.08110666666667,1.04753333333333
1.0749,1.0631,1.0455,1.06,1.3574,2016-10-02,5.01312898052313e-08,0.99999994986871,1.390786,1.06702,1.08177333333333,1.05126666666667
1.102,1.0703,1.056,1.0771,1.4966,2016-10-03,2.67001608813684e-08,0.999999973299839,1.36245933333333,1.07058,1.08498666666667,1.05544666666667
1.1016,1.1145,1.065,1.0852,1.3602,2016-10-04,1.55642850740396e-08,0.999999984435715,1.34369933333333,1.07398666666667,1.08822,1.05886
1.0967,1.1104,1.0804,1.0901,1.1389,2016-10-05,3.34232636729855e-08,0.999999966576736,1.31679266666667,1.0773,1.09075333333333,1.06314666666667
1.0821,1.0767,1.0809,1.0811,1.0099,2016-10-06,5.09332763236813e-08,0.999999949066724,1.30827266666667,1.08041333333333,1.09372,1.06634
1.0538,1.1002,1.0515,1.0565,1.0258,2016-10-07,1.8285348518243e-07,0.999999817146515,1.27953933333333,1.08198666666667,1.09400666666667,1.06916
1.1205,1.1096,1.056,1.0889,1.6959,2016-10-08,7.81113077032005e-08,0.999999921888692,1.177376,1.08344,1.09102666666667,1.07456
1.0627,1.0979,1.0744,1.0708,0.89429,2016-10-09,7.47367101905275e-08,0.99999992526329,1.14264666666667,1.08568,1.09116,1.07844666666667
1.1048,1.0482,1.0848,1.0903,1.1643,2016-10-10,3.30058888434884e-07,0.999999669941112,1.11474266666667,1.08676666666667,1.09130666666667,1.08104666666667
1.093,1.085,1.0679,1.0804,1.2399,2016-10-11,2.07753688367765e-06,0.999997922463116,1.09736266666667,1.08736,1.09100666666667,1.08210666666667
1.0995,1.0905,1.0965,1.0974,1.0223,2016-10-12,3.21801512258684e-06,0.999996781984877,1.07858857142857,1.08751428571429,1.09025,1.08357333333333
1.1178,1.1502,1.0968,1.1108,1.1575,2016-10-13,1.06916480622716e-05,0.999989308351938,1.05903,1.08600714285714,1.08755714285714,1.08314
1.0982,1.1148,1.0957,1.0984,1.0192,2016-10-14,2.05828870542778e-05,0.999979417112946,1.06645142857143,1.08755,1.08967142857143,1.08418
1.0634,1.1004,1.1096,1.087,0.68425,2016-10-15,2.65454651383264e-05,0.999973454534862,1.06473714285714,1.09025,1.09266428571429,1.08710666666667
1.0964,1.1714,1.1157,1.1112,0.87326,2016-10-16,0.000264470998619936,0.99973552900138,1.01618615384615,1.09035384615385,1.09052307692308,1.08932857142857
1.0771,1.0342,1.0845,1.0763,0.93884,2016-10-17,0.00346858915762595,0.996531410842374,1.02634416666667,1.09198333333333,1.09284166666667,1.09047692307692
1.0975,1.1021,1.0719,1.086,1.2359,2016-10-18,0.00357938070437579,0.996420619295624,1.01380272727273,1.09213636363636,1.09175454545455,1.09095
NA,NA,1.087,NA,NA,2016-10-19,0.00693393592500194,0.993066064074998,0.991193,1.09331,1.09163,1.09304545454545
1.059,1.0983,1.0739,1.069,0.86508,2016-10-20,0.0181511988583308,0.981848801141669,0.987736666666667,1.09285555555556,1.09075555555556,1.0927
1.1117,1.089,1.0965,1.1027,1.1138,2016-10-21,0.0273363910538034,0.972663608946197,0.96651625,1.0906125,1.087375,1.09224444444444
1.0957,1.0815,1.0954,1.0943,1.0018,2016-10-22,0.0264894266902928,0.973510573309707,0.95899,1.0895,1.08582857142857,1.0918125
NA,NA,NA,NA,NA,2016-10-23,0.0228462134635999,0.9771537865364,0.981067142857143,1.09345714285714,1.09108571428571,1.093925
NA,NA,NA,NA,NA,2016-10-24,0.0385565331940694,0.961443466805931,0.976025714285714,1.09704285714286,1.09512857142857,1.09895
NA,NA,NA,NA,NA,2016-10-25,0.0446530992184495,0.95534690078155,1.01076285714286,1.10787142857143,1.10828571428571,1.105575
1.0679,1.0703,1.044,1.0552,1.2961,2017-08-19,0.0238797625114683,0.976120237488532,1.494054,1.06435333333333,1.08476,1.04962
1.0517,1.0599,1.0551,1.0543,0.96258,2017-08-20,0.0129672453843838,0.987032754615616,1.52634357142857,1.06515714285714,1.08686428571429,1.05038666666667
1.0789,1.068,1.0442,1.0589,1.4304,2017-08-21,0.00706934019544235,0.992930659804558,1.53850785714286,1.06737142857143,1.08979285714286,1.05168666666667
1.1464,1.1146,1.0835,1.1088,1.5239,2017-08-22,0.00298296497768679,0.997017035022313,1.46722928571429,1.07040714285714,1.0924,1.05439333333333
1.0995,1.1338,1.0517,1.0762,1.5409,2017-08-23,0.00187378179501362,0.998126218204986,1.43890785714286,1.07357857142857,1.09552857142857,1.05704666666667
1.0762,1.0487,1.0836,1.0776,0.93853,2017-08-24,0.00232186721533883,0.997678132784661,1.42304357142857,1.07577857142857,1.09695,1.05906
1.0924,1.0897,1.0653,1.0775,1.2655,2017-08-25,0.00480129451577972,0.99519870548422,1.40103642857143,1.07542142857143,1.09582142857143,1.05937333333333
1.0766,1.0836,1.0627,1.0701,1.14,2017-08-26,0.00546194784353227,0.994538052156468,1.35848642857143,1.07493571428571,1.09353571428571,1.06018
NA,NA,1.0631,NA,NA,2017-08-27,0.00680878066881296,0.993191219331187,1.34632928571429,1.07536428571429,1.09342142857143,1.0609
1.1074,1.1096,1.0729,1.089,1.3155,2017-08-28,0.0121109257244243,0.987889074275576,1.36468785714286,1.08075714285714,1.10018571428571,1.06478666666667
1.1373,1.1336,1.0495,1.0883,2.0207,2017-08-29,0.00500329663406611,0.994996703365934,1.34442357142857,1.08687142857143,1.10599285714286,1.07084
1.1327,1.1209,1.0631,1.0941,1.6982,2017-08-30,0.00186975488905129,0.998130245110949,1.32218071428571,1.08648571428571,1.10382857142857,1.07122666666667
1.0893,1.0954,1.0678,1.0784,1.2065,2017-08-31,0.000964686790680023,0.99903531320932,1.30568785714286,1.08634285714286,1.10293571428571,1.07162666666667
1.0697,1.0629,1.0405,1.0535,1.3787,2017-09-01,0.000836096187171696,0.999163903812828,1.32843571428571,1.09043571428571,1.10857857142857,1.07378666666667
1.0835,1.0659,1.0557,1.0672,1.3013,2017-09-02,0.000316062081575066,0.999683937918425,1.30812857142857,1.09216428571429,1.10891428571429,1.07608
1.0663,1.0782,1.0548,1.0612,1.1259,2017-09-03,0.000270588087715716,0.999729411912284,1.31017857142857,1.09454285714286,1.11142142857143,1.07792
1.1464,1.1561,1.1134,1.1298,1.2196,2017-09-04,0.000300123802413104,0.999699876197587,1.31834666666667,1.09361333333333,1.11118666666667,1.078
1.1602,1.1311,1.135,1.1445,1.1467,2017-09-05,0.000754953506853735,0.999245046493146,1.31976666666667,1.09244666666667,1.10986666666667,1.07689333333333
1.1161,1.1303,1.0893,1.1034,1.2125,2017-09-06,0.000509471423608502,0.999490528576392,1.25639333333333,1.09095333333333,1.10538666666667,1.0778
1.087,1.1202,1.0577,1.0742,1.31,2017-09-07,0.000691001914972692,0.999308998085027,1.21584,1.09006666666667,1.10220666666667,1.07859333333333
1.1552,1.1558,1.116,1.1349,1.257,2017-09-08,0.000846971817537982,0.999153028182462,1.23506666666667,1.08995333333333,1.10316,1.07788666666667
1.0971,1.1366,1.0997,1.1017,0.9812,2017-09-09,0.00114956415291128,0.998850435847089,1.201736,1.09,1.10164,1.07908666666667
1.1117,1.1431,1.0903,1.1034,1.1687,2017-09-10,0.00337599063080448,0.996624009369196,1.16681666666667,1.08913333333333,1.09881333333333,1.0796
1.1079,1.0524,1.0643,1.0806,1.4327,2017-09-11,0.00429406154870317,0.995705938451297,1.15225133333333,1.08992666666667,1.09890666666667,1.08116666666667
1.0876,1.0913,1.0563,1.0715,1.3368,2017-09-12,0.00388565587345639,0.996114344126544,1.141658,1.08678,1.09467333333333,1.07868
1.0701,1.0631,1.0631,1.0659,1.0701,2017-09-13,0.00274721274832157,0.997252787251678,1.12029133333333,1.08092,1.08711333333333,1.07396666666667
1.085,1.0964,1.075,1.0808,1.0899,2017-09-14,0.0045208181009064,0.995479181899094,1.09469066666667,1.07908666666667,1.08360666666667,1.07362666666667
1.1036,1.0721,1.0572,1.0767,1.4949,2017-09-15,0.00549780064187657,0.994502199358123,1.10043733333333,1.07804,1.08264666666667,1.07255333333333
1.0469,1.0644,1.0585,1.0542,0.87874,2017-09-16,0.0069398515130233,0.993060148486977,1.086464,1.07426666666667,1.07766,1.06982666666667
1.0411,1.0636,1.0634,1.0542,0.77751,2017-09-17,0.0196624331194656,0.980337566880534,1.102704,1.07018666666667,1.07432666666667,1.06529333333333
1.1356,1.1069,1.0676,1.105,1.6523,2017-11-30,0.0360649480089883,0.963935051991012,1.26768466666667,1.13379333333333,1.14668,1.1157
1.1587,1.1805,1.1133,1.1422,1.3033,2017-12-01,0.017161114973503,0.982838885026497,1.21630466666667,1.13042,1.14025333333333,1.11653333333333
1.0966,1.0656,1.0812,1.0877,1.1305,2017-12-02,0.0406535365724331,0.959346463427567,1.24409533333333,1.12942,1.14174,1.11224
1.0825,1.0909,1.1108,1.0942,0.8079,2017-12-03,0.046246683491563,0.953753316508437,1.23944866666667,1.12541333333333,1.1371,1.10856
1.1475,1.1251,1.0645,1.1109,1.8205,2017-12-05,0.0321596282814178,0.967840371718582,1.26164666666667,1.11632666666667,1.12874666666667,1.09793333333333
1.1778,1.1426,1.1319,1.1561,1.2726,2017-12-06,0.0183370668166039,0.981662933183396,1.27758666666667,1.11315333333333,1.12648666666667,1.09317333333333
1.1408,1.1541,1.0735,1.1143,1.6109,2017-12-07,0.00841599963680416,0.991584000363196,1.214082,1.10773333333333,1.11766666666667,1.09202
1.1285,1.1205,1.1183,1.1237,1.066,2017-12-08,0.00873276808995111,0.991267231910049,1.16080266666667,1.10287333333333,1.11049333333333,1.09012
1.1738,1.1887,1.1382,1.1609,1.2032,2017-12-09,0.00913414244165248,0.990865857558348,1.14360933333333,1.09552,1.10216,1.08460666666667
1.1013,1.1392,1.0989,1.1037,1.0181,2017-12-10,0.0122015674989641,0.987798432501036,1.155876,1.09164666666667,1.09816,1.08046666666667
1.1006,1.143,1.0795,1.0961,1.1822,2017-12-11,0.0146719637487861,0.985328036251214,1.193976,1.08586666666667,1.09354,1.07304466666667
1.0936,1.115,1.0731,1.0871,1.1867,2017-12-12,0.00843664861482907,0.991563351385171,1.24678266666667,1.08276666666667,1.09166666666667,1.068578
1.0719,1.0891,1.0661,1.0711,1.0568,2017-12-13,0.00782858682504401,0.992171413174956,1.18046,1.07753333333333,1.08360666666667,1.06694466666667
1.0445,1.0887,1.0713,1.0588,0.75163,2017-12-14,0.0110177338297689,0.988982266170231,1.17566666666667,1.0711,1.07600666666667,1.06128466666667
1.028,1.0249,1.0391,1.0321,0.85311,2017-12-15,0.041989614396667,0.958010385603333,1.13831333333333,1.06666,1.06976,1.059258
1.0832,1.0629,1.0251,1.0577,1.9407,2017-12-19,0.021063137059741,0.978936862940259,1.11177933333333,1.04637333333333,1.0483,1.04217133333333
1.0266,1.0304,1.04,1.0324,0.82566,2017-12-20,0.0147599908430777,0.985240009156922,1.09534333333333,1.04338,1.04472666666667,1.04029133333333
1.0638,1.0911,1.047,1.0596,1.2007,2017-12-21,0.0227151681400816,0.977284831859918,1.06830666666667,1.04117333333333,1.04146,1.039538
1.0471,1.0732,1.0431,1.0477,1.0506,2017-12-22,0.0317644183509876,0.968235581649012,1.079694,1.03882666666667,1.03976,1.03636466666667
1.0658,1.0694,1.0505,1.06,1.1751,2017-12-23,0.0361999856471489,0.963800014352851,1.08547733333333,1.03869333333333,1.03972,1.035858
1.0327,1.0246,0.99353,1.0155,2.2976,2018-11-18,0.0493718203713718,0.950628179628628,1.34875076923077,1.03715,1.04214285714286,1.02382357142857
1.0118,NA,1.0296,NA,0.7309,2018-11-19,0.0251454188525202,0.97485458114748,1.33331333333333,1.03342727272727,1.03773076923077,1.02164846153846
1.0332,1.0316,1.0114,1.0238,1.4544,2018-11-20,0.0131352084084197,0.98686479159158,1.32803833333333,1.02970909090909,1.03426923076923,1.01911
1.0192,1.0138,1.0166,1.0176,1.0477,2018-11-21,0.00723532578692739,0.992764674213073,1.28314666666667,1.03,1.03374615384615,1.02037153846154
NA,1.0242,1.0037,NA,NA,2018-11-22,0.00557829605390917,0.994421703946091,1.27397818181818,1.02867,1.03204615384615,1.01956916666667
1.0205,1.0329,1.0473,1.0327,0.68126,2018-11-23,0.00884195829064885,0.991158041709351,1.21609090909091,1.03042,1.03181538461538,1.0233525
1.0634,1.0801,1.0363,1.0536,1.3714,2018-11-24,0.00641343908466168,0.993586560915338,1.1782,1.02946,1.03016923076923,1.02353583333333
1.0267,NA,NA,NA,NA,2018-11-25,0.00626725476176255,0.993732745238237,1.13178272727273,1.03054,1.03000769230769,1.02576916666667
NA,NA,NA,NA,NA,2018-11-26,0.00554086428251382,0.994459135717486,1.01224,1.03188,1.02963076923077,1.02871666666667
1.0317,1.0304,1.0207,1.0269,1.1913,2018-11-27,0.00550239532219041,0.99449760467781,1.04184909090909,1.03078181818182,1.03041538461538,1.027825
1.0405,1.0435,1.0285,1.036,1.1849,2018-11-28,0.00759078213746057,0.992409217862539,0.992887272727273,1.02993636363636,1.02881538461538,1.02828333333333
1.0335,1.0364,NA,NA,NA,2018-11-29,0.00650359407586543,0.993496405924135,0.978029090909091,1.03012727272727,1.02859230769231,1.02883333333333
1.0378,1.0465,1.0655,1.0496,0.72864,2018-11-30,0.00972518412567886,0.990274815874321,0.9399675,1.03009166666667,1.02735714285714,1.03313333333333
1.0224,1.0437,1.0221,1.0241,1.006,2018-12-01,0.00621957306629055,0.993780426933709,0.9838625,1.03099166666667,1.02907142857143,1.03174166666667
1.0167,1.0383,1.034,1.0256,0.75551,2018-12-02,0.00801085120164634,0.991989148798354,0.9658875,1.02783333333333,1.02591428571429,1.02968333333333
1.0278,1.0349,1.0289,1.0289,0.98263,2018-12-03,0.00645033632207888,0.993549663677921,0.974788461538462,1.02715384615385,1.02549285714286,1.02866923076923
1.022,1.0111,1.0189,1.0198,1.0566,2018-12-04,0.0142232275635082,0.985776772436492,0.957656428571429,1.02743571428571,1.02525333333333,1.02968571428571
1.0124,1.0158,1.0169,1.0145,0.91582,2018-12-05,0.011120302032371,0.988879697967629,0.955399285714286,1.02777857142857,1.02550666666667,1.03003571428571
1.0163,1.0235,1.0232,1.0197,0.88426,2018-12-06,0.0197887927801397,0.98021120721986,0.988356428571429,1.02635,1.02456666666667,1.02811428571429
1.0113,1.0256,1.0553,1.0297,0.52129,2018-12-07,0.0313747573403299,0.96862524265967,0.968244666666667,1.02734666666667,1.02422,1.0301
1.0445,1.0966,1.0306,1.0435,1.208,2018-12-08,0.0445016996604203,0.95549830033958,0.970082666666667,1.02589333333333,1.0229,1.02810666666667
1.0192,1.0143,1.0116,1.0157,1.1557,2018-12-09,0.0162378792596164,0.983762120740384,0.994462666666667,1.02864666666667,1.02659333333333,1.02975333333333
1.0208,1.0196,1.0165,1.019,1.0816,2018-12-10,0.0160934340850698,0.98390656591493,1.02522866666667,1.02886,1.02772666666667,1.0289
1.0219,1.0333,1.0429,1.0311,0.73494,2018-12-11,0.0193886803525134,0.980611319647487,0.994075333333333,1.02828666666667,1.02623333333333,1.02996666666667
1.0355,1.038,1.0256,1.0317,1.1597,2018-12-12,0.0327307861121854,0.967269213887815,0.974807333333333,1.02716666666667,1.024656,1.0293
1.0264,1.0239,1.0016,1.016,1.6463,2018-12-13,0.0165459437148247,0.983454056285175,0.9615,1.02738666666667,1.02446933333333,1.03003333333333
1.0283,1.0418,1.0579,1.0413,0.68668,2018-12-14,0.0195404468971607,0.980459553102839,0.963302666666667,1.02745333333333,1.02458266666667,1.03004
1.018,1.0502,1.0356,1.0278,0.75621,2018-12-15,0.0434712146697795,0.95652878533022,0.989765333333333,1.02675333333333,1.024976,1.02782
1.1027,1.0765,1.0544,1.078,1.5307,2019-10-23,0.0226865033826913,0.977313496617309,1.26027533333333,1.08255333333333,1.09408666666667,1.07025333333333
1.0884,1.109,1.0486,1.0715,1.4671,2019-10-24,0.0217565021387536,0.978243497861246,1.27153133333333,1.08284666666667,1.09485333333333,1.06962
1.1236,1.0712,1.0886,1.1033,1.2792,2019-10-25,0.0120091976998496,0.98799080230015,1.267498,1.08030666666667,1.09184,1.06754
1.1266,1.1233,1.1163,1.1217,1.0674,2019-10-26,0.00709415197277268,0.992905848027227,1.26735133333333,1.08056,1.09187333333333,1.06757333333333
1.078,1.1207,1.0769,1.081,1.0094,2019-10-27,0.00883124530096064,0.991168754699039,1.27223133333333,1.08245333333333,1.09414,1.06886666666667
1.1172,1.0829,1.0923,1.1031,1.1926,2019-10-28,0.00863588711929399,0.991364112880706,1.28574466666667,1.08348666666667,1.09563333333333,1.06905333333333
1.0604,1.0871,1.0646,1.0645,0.95857,2019-10-29,0.0174404063713166,0.982559593628683,1.271938,1.08408,1.09569333333333,1.06994
1.101,1.0972,1.0923,1.0968,1.068,2019-10-30,0.0259836308777269,0.974016369122273,1.22522466666667,1.08508666666667,1.09523333333333,1.0723
1.1085,1.1421,1.088,1.1022,1.1647,2019-10-31,0.0381920785833013,0.961807921416699,1.189518,1.08379333333333,1.09218,1.07249333333333
1.0772,1.0763,1.0579,1.0688,1.2042,2019-11-01,0.0325871775360799,0.96741282246392,1.15522333333333,1.08366666666667,1.09062666666667,1.07392666666667
1.0827,1.0923,1.0584,1.073,1.255,2019-11-02,0.0269692017282284,0.973030798271772,1.14015666666667,1.08296,1.08894,1.07412
1.1058,1.0818,1.0614,1.0844,1.4528,2019-11-03,0.00726746998343145,0.992732530016569,1.128068,1.08094,1.08611333333333,1.07301333333333
1.0826,1.0901,1.0604,1.0736,1.2294,2019-11-04,0.00368436585788889,0.996315634142111,1.129188,1.08204666666667,1.08751333333333,1.07425333333333
1.0746,1.087,1.0526,1.0661,1.2462,2019-11-05,0.00224122456412946,0.997758775435871,1.12395466666667,1.08256666666667,1.08736,1.07472666666667
1.0992,1.1103,1.0718,1.0883,1.2531,2019-11-06,0.000618960901604382,0.999381039098396,1.14436333333333,1.08838666666667,1.09446666666667,1.07871333333333
1.0569,1.0752,1.0573,1.0586,0.9951,2019-11-07,0.0007005194133415,0.999299480586659,1.14022333333333,1.08966666666667,1.09524,1.08000666666667
1.0651,1.0933,1.0701,1.0696,0.95268,2019-11-08,0.00128071117217123,0.998719288827829,1.14701,1.08918666666667,1.09531333333333,1.07939333333333
1.0983,1.0692,1.0915,1.0927,1.0532,2019-11-09,0.00162468069025976,0.99837531930974,1.13967666666667,1.08718,1.09293333333333,1.07784666666667
1.0842,1.0916,1.0997,1.0914,0.88607,2019-11-10,0.00272376356885035,0.99727623643115,1.112434,1.08645333333333,1.09107333333333,1.07870666666667
1.099,1.0996,1.0955,1.0976,1.0262,2019-11-11,0.00382713951258153,0.996172860487418,1.09748066666667,1.08284,1.08639333333333,1.07609333333333
1.1149,1.1485,1.0994,1.1109,1.1141,2019-11-12,0.00567225708802457,0.994327742911975,1.07765866666667,1.08162,1.08425333333333,1.07585333333333
1.167,1.2007,1.1244,1.1518,1.2647,2019-11-13,0.0137338000948361,0.986266199905164,1.048782,1.08059333333333,1.08214666666667,1.07643333333333
1.1126,1.1584,1.1117,1.116,1.0059,2019-11-14,0.0104496904357369,0.989550309564263,1.086062,1.08022666666667,1.08308666666667,1.07472
1.1096,1.0911,1.0788,1.095,1.2665,2019-11-15,0.0068827917841921,0.993117208215808,1.10068866666667,1.08186666666667,1.08552,1.07559333333333
1.0415,1.0413,1.0347,1.0387,1.0942,2019-11-16,0.00374467175638428,0.996255328243616,1.12922333333333,1.08234666666667,1.08715333333333,1.07457333333333
1.0708,1.0867,1.0549,1.0657,1.1736,2019-11-24,0.0466124505899788,0.953387549410021,1.073316,1.05221333333333,1.05415333333333,1.04923333333333
1.0203,1.021,1.0137,1.0176,1.1301,2019-11-25,0.0327998549205438,0.967200145079456,1.07198066666667,1.04994666666667,1.05205333333333,1.04687333333333
1.024,1.0262,1.0226,1.0236,1.0223,2019-11-26,0.0313744050675128,0.968625594932487,1.023596,1.04985333333333,1.05021333333333,1.04886666666667
1.0728,1.0536,1.0031,1.0415,2.7545,2019-12-17,0.0249479992184988,0.975052000781501,1.06555692307692,1.04762857142857,1.04409333333333,1.05281538461538
1.0405,1.0621,1.1059,1.0686,0.54103,2019-12-18,0.027919569423651,0.972080430576349,1.03514,1.04579285714286,1.04166466666667,1.0519
1.049,1.0583,1.0348,1.0441,1.1991,2019-12-20,0.0409824409154499,0.95901755908455,1.05509466666667,1.04609333333333,1.04402466666667,1.04815333333333
1.0217,1.0333,1.0471,1.0326,0.69675,2019-12-21,0.0316858653022221,0.968314134697778,1.00197666666667,1.04456,1.04094466666667,1.04833333333333
1.0731,1.049,1.0325,1.0546,1.5878,2020-12-05,0.0442119309340635,0.955788069065936,1.2812825,1.06968461538462,1.07835,1.058925
1.0687,1.0681,1.0549,1.0632,1.1513,2020-12-06,0.0284838741309354,0.971516125869065,1.27492416666667,1.07003076923077,1.07856428571429,1.059775
1.0545,1.0532,1.0574,1.0556,0.96878,2020-12-07,0.0214792331501723,0.978520766849828,1.24517461538462,1.06678571428571,1.07362142857143,1.05736153846154
1.07,1.0676,1.0899,1.0775,0.84258,2020-12-08,0.0234397853917567,0.976560214608243,1.22316142857143,1.06405333333333,1.07023333333333,1.05517857142857
1.0659,1.0848,1.0631,1.0665,1.028,2020-12-09,0.0309440221861803,0.96905597781382,1.13976142857143,1.06306666666667,1.06743333333333,1.05697857142857
1.0797,1.0469,1.0923,1.0815,0.90225,2020-12-10,0.0222738278202679,0.977726172179732,1.11461866666667,1.06025333333333,1.06336666666667,1.05624666666667
1.0606,1.0653,1.0877,1.0716,0.78138,2020-12-11,0.0219460810986892,0.978053918901311,1.12659866666667,1.0576,1.06074,1.05333333333333
1.0946,1.1168,1.0563,1.0812,1.4121,2020-12-12,0.0322487412215026,0.967751258778497,1.05583866666667,1.05547333333333,1.05649333333333,1.05382666666667
1.0547,1.0444,1.0608,1.0561,0.9373,2020-12-13,0.0221446808102453,0.977855319189755,1.01777866666667,1.05267333333333,1.05242,1.05240666666667
1.0211,1.0269,1.0284,1.0246,0.88818,2020-12-14,0.0241752364031761,0.975824763596824,1.008272,1.04964,1.04899333333333,1.04986666666667
1.0228,1.0377,1.0268,1.0258,0.93699,2020-12-15,0.0283922285351694,0.971607771464831,1.01078666666667,1.04714666666667,1.04663333333333,1.04728666666667
1.0496,1.0682,1.0468,1.0501,1.034,2020-12-16,0.0269111118090695,0.973088888190931,1.003266,1.04537333333333,1.0445,1.04566666666667
1.0264,1.0411,1.046,1.0354,0.76262,2020-12-17,0.0370944376233297,0.96290556237667,1.00349933333333,1.04495333333333,1.04430666666667,1.04546
1.0454,1.0355,1.0248,1.0364,1.335,2020-12-18,0.0253395336656529,0.974660466334347,0.995743333333333,1.04216666666667,1.04108666666667,1.04263333333333
1.0603,1.0593,1.0397,1.052,1.2693,2020-12-19,0.0163637894526184,0.983636210547382,1.02252466666667,1.04051333333333,1.04043333333333,1.03926666666667
1.012,1.0219,1.0112,1.0126,1.0169,2020-12-20,0.0187710039235413,0.981228996076459,1.007138,1.03774,1.03716,1.03770666666667
1.0173,1.0245,1.0168,1.0177,1.0087,2020-12-21,0.0228506566938687,0.977149343306131,0.987296,1.03703333333333,1.03561333333333,1.03830666666667
1.0191,1.0121,1.0187,1.0182,1.0065,2020-12-22,0.0202288437429244,0.979771156257076,1.03109733333333,1.04068666666667,1.04086666666667,1.03986
1.038,1.0611,1.0656,1.0509,0.72977,2020-12-23,0.0164583198413496,0.98354168015865,1.04586466666667,1.04031333333333,1.04089333333333,1.03907333333333
1.063,1.046,1.06,1.0602,1.0315,2020-12-24,0.0121834327619757,0.987816567238024,1.05145133333333,1.04044,1.04135333333333,1.03906666666667
1.0314,1.0434,1.0499,1.0397,0.78591,2020-12-25,0.0184815098311911,0.981518490168809,1.06848333333333,1.04144666666667,1.04301333333333,1.03932
1.0508,1.0647,1.0372,1.0468,1.1831,2020-12-26,0.0223921217031985,0.977607878296802,1.03958333333333,1.04158,1.04228666666667,1.04048666666667
1.0455,1.036,1.0329,1.0396,1.1813,2020-12-27,0.0164496133921456,0.983550386607854,1.02376333333333,1.04038,1.0406,1.04002666666667
1.0315,1.0263,1.0698,1.0455,0.63967,2020-12-28,0.0219364596373348,0.978063540362665,1.04090333333333,1.0406,1.04128,1.03991333333333
1.0999,1.082,1.0517,1.0794,1.5452,2020-12-29,0.0181903544900094,0.981809645509991,1.04642333333333,1.04079333333333,1.04164,1.03997333333333
1.0232,1.0258,1.015,1.0202,1.1585,2020-12-30,0.00809910631895537,0.991900893681045,1.04759,1.04002,1.04083333333333,1.03912666666667
1.0565,1.0502,1.0467,1.052,1.1178,2020-12-31,0.00486341977304797,0.995136580226952,1.05407733333333,1.03739333333333,1.03879333333333,1.03586
1.0513,1.0491,1.0498,1.0505,1.0181,2021-01-01,0.00878343381370383,0.991216566186296,1.05923066666667,1.03479333333333,1.03621333333333,1.03308
